"player.name","shotAssists","assists","fromThrowIns","regularPlay","fromFreeKick","fromKeeper","fromCounter","fromCorner","fromKickOff","fromGoalKick","fromOther","passLength","groundPass","highPass","lowPass","rightFoot","head","leftFoot","other","noTouch","dropKick","startX","startY","endX","endY","group"
"Vivianne Miedema",63,18,16,27,10,2,2,2,0,4,0,17.0950834698413,45,13,5,46,1,15,1,0,0,101.550793650794,37.5238095238095,105.993650793651,42.3285714285714,"50+"
"Bethany Mead",75,14,8,19,7,1,1,35,1,3,0,28.9579063613333,24,42,9,61,1,13,0,0,0,111.304,44.772,108.738666666667,39.124,"50+"
"Caroline Weir",89,10,5,18,16,0,4,44,1,0,1,30.5490608314607,26,56,7,4,0,85,0,0,0,101.76404494382,38.7550561797753,106.494382022472,38.2460674157303,"50+"
"Danielle van de Donk",57,10,19,21,2,1,4,6,3,1,0,16.3052321982456,47,6,4,44,0,12,0,1,0,98.2035087719298,39.0561403508772,104.3,39.6245614035088,"50+"
"Keira Walsh",39,10,2,18,3,0,7,5,0,4,0,29.2692451538462,24,12,3,34,0,4,1,0,0,77.0435897435897,44.9179487179487,96.4435897435897,43.1923076923077,"40-"
"Fara Williams",65,9,11,19,7,1,6,18,1,2,0,25.7569890969231,22,34,9,47,1,15,1,1,0,96.9538461538462,39.4523076923077,103.484615384615,37.3184615384615,"50+"
"Janine Beckie",42,9,13,19,4,1,2,2,0,1,0,26.3317158809524,19,17,6,38,0,3,1,0,0,101.192857142857,62.8571428571429,106.271428571429,43.6309523809524,"50-"
"Katie McCabe",33,9,4,18,5,1,0,4,0,1,0,24.3473368181818,20,9,4,7,0,26,0,0,0,93.2848484848485,26.8060606060606,101.372727272727,37.3545454545455,"40-"
"Erin Cuthbert",60,8,10,18,8,0,4,18,0,2,0,27.9228348416667,21,33,6,54,1,4,1,0,0,101.456666666667,35.985,105.693333333333,40.8783333333333,"50+"
"Jill Scott",43,8,6,23,3,0,7,2,1,1,0,18.5841246395349,29,8,6,40,1,2,0,0,0,91.3558139534884,54.953488372093,98.7162790697674,46.1325581395349,"50-"
"Lucy Staniforth",71,8,10,18,14,1,7,18,1,2,0,26.5839741014085,37,28,6,64,0,7,0,0,0,92.5422535211268,43.5366197183099,99.9253521126761,42.212676056338,"50+"
"Ramona Bachmann",37,8,12,10,3,0,4,7,0,1,0,18.4249543459459,23,8,6,29,0,8,0,0,0,104.710810810811,46.9864864864865,103.1,39.6567567567568,"40-"
"Guro Reiten",38,7,10,16,3,0,0,8,1,0,0,25.8178827394737,13,20,5,3,0,34,1,0,0,102.486842105263,37.2789473684211,106.476315789474,39.6026315789474,"40-"
"Jonna Andersson",41,7,10,13,7,2,1,6,1,1,0,26.8452418902439,17,19,5,3,0,38,0,0,0,99.3268292682927,16.9780487804878,107.146341463415,34.3658536585366,"50-"
"Kim Little",38,7,7,9,6,2,2,11,0,1,0,23.7033236052632,21,15,2,35,0,3,0,0,0,98.8447368421053,45.3315789473684,105.189473684211,40.4763157894737,"40-"
"Inessa Kaagman",33,6,4,9,6,1,2,9,0,2,0,28.8354982424242,13,17,3,7,1,25,0,0,0,97.5090909090909,41.1939393939394,102.706060606061,40.3515151515152,"40-"
"Julia Simic",25,6,7,6,4,0,3,2,1,2,0,22.73029016,12,11,2,17,1,7,0,0,0,89.576,34.7,101.604,36.664,"30-"
"Charlie Wellings",34,5,9,15,2,1,3,1,1,1,1,19.6677020529412,19,10,5,26,2,6,0,0,0,96.0617647058824,42.4647058823529,101.635294117647,40.6411764705882,"40-"
"Gemma Suzanne Davison",36,5,7,14,5,0,2,5,1,2,0,21.3922522777778,24,7,5,32,1,2,1,0,0,96.2694444444444,37.4166666666667,102.513888888889,40.2305555555556,"40-"
"Jordan Nobbs",43,5,13,21,4,0,1,4,0,0,0,20.7528484930233,27,11,5,40,0,3,0,0,0,94.306976744186,41.8651162790698,104.790697674419,36.3674418604651,"50-"
"Lauren Hemp",27,5,2,17,3,0,2,3,0,0,0,21.4115334444444,17,4,6,3,0,24,0,0,0,100.548148148148,26.437037037037,104.107407407407,38.8851851851852,"30-"
"Leah Williamson",20,5,6,8,1,0,1,4,0,0,0,26.627582555,8,7,5,18,0,0,2,0,0,85.34,55.375,100.515,39.775,"20-"
"Lisa Evans",37,5,7,16,7,0,1,2,0,4,0,15.7425824594595,28,8,1,31,1,4,1,0,0,105.367567567568,54.4459459459459,104.82972972973,45.6567567567568,"40-"
"Nikita Parris",27,5,6,17,1,0,0,1,0,2,0,19.1122138148148,21,5,1,21,0,6,0,0,0,99.4074074074074,49.962962962963,102.037037037037,40.5185185185185,"30-"
"Bethany England",33,4,3,23,0,0,2,2,1,2,0,16.2333862636364,23,5,5,21,2,10,0,0,0,101.275757575758,36.6848484848485,103.751515151515,38.569696969697,"40-"
"Claire Emslie",32,4,4,9,2,0,2,14,0,1,0,28.831377725,9,19,4,23,1,7,1,0,0,107.65625,51.75,109.1875,42.96875,"40-"
"Drew Spence",26,4,8,11,0,0,3,3,0,1,0,17.3730060730769,16,5,5,19,3,3,1,0,0,91.9884615384615,37.0961538461538,99.0153846153846,35.7153846153846,"30-"
"Georgia Stanway",38,4,3,13,3,0,3,14,2,0,0,25.6735441263158,17,16,5,35,1,1,1,0,0,95.4473684210526,42.9736842105263,104.960526315789,41.9921052631579,"40-"
"Hannah Jayne Blundell",16,4,5,7,2,0,1,1,0,0,0,28.28514925,9,7,0,13,0,3,0,0,0,92.31875,57.35,102.89375,46.8875,"20-"
"Jessica Sigsworth",12,4,2,7,2,0,0,1,0,0,0,18.665085425,4,4,4,10,0,1,1,0,0,106.333333333333,54.8666666666667,108.675,37.4,"20-"
"Laura Coombs",26,4,5,8,5,0,0,7,0,1,0,32.1675498653846,7,15,4,24,0,2,0,0,0,88.8576923076923,41.4153846153846,103.511538461538,39.9076923076923,"30-"
"Lucy Graham",19,4,6,7,1,1,0,1,0,3,0,24.0799548947368,9,5,5,15,0,4,0,0,0,92.0894736842105,32.5210526315789,100.089473684211,43.1315789473684,"20-"
"Simone Magill",37,4,6,20,5,0,2,1,0,3,0,15.0170299945946,26,3,8,32,0,5,0,0,0,93.7108108108108,43.027027027027,97.6054054054054,42.2054054054054,"40-"
"So-yun Ji",66,4,18,32,2,0,4,7,0,3,0,22.8024542924242,45,16,5,58,2,6,0,0,0,87.5984848484848,38.4212121212121,98.5924242424242,39.119696969697,"50+"
"Alisha Lehmann",24,3,6,9,2,1,2,2,1,1,0,25.9158020416667,13,9,2,19,0,5,0,0,0,102.554166666667,54.4541666666667,108.370833333333,41.95,"30-"
"Brooke Chaplen",28,3,7,13,6,0,0,1,0,1,0,12.2830342642857,19,3,6,18,1,8,1,0,0,97.7857142857143,41.4964285714286,97.8607142857143,40.8464285714286,"30-"
"Ellen White",18,3,6,6,0,0,3,0,3,0,0,15.3812396277778,14,2,2,11,0,7,0,0,0,94.8666666666667,41.8555555555556,98.8722222222222,40.0222222222222,"20-"
"Francesca Kirby",31,3,8,19,0,0,2,1,0,1,0,14.7063055483871,26,1,4,25,0,5,1,0,0,97.8161290322581,39.2064516129032,100.438709677419,42.4129032258065,"40-"
"Jane Ross",26,3,7,10,2,0,2,2,0,3,0,15.2601841846154,15,4,7,18,1,6,1,0,0,98.4692307692308,34.2384615384615,100.830769230769,38.6269230769231,"30-"
"Karen Julia Carney",47,3,9,6,7,0,3,22,0,0,0,30.6770462191489,12,28,7,44,0,3,0,0,0,108.617021276596,35,107.191489361702,38.9574468085106,"50-"
"Kate Longhurst",17,3,3,9,2,0,0,0,1,2,0,23.5288425882353,10,5,2,12,1,3,1,0,0,88.8117647058824,49.2588235294118,100.076470588235,47.9823529411765,"20-"
"Kayleigh Green",36,3,7,19,3,2,5,0,0,0,0,18.6733132916667,25,8,3,25,1,10,0,0,0,94.8972222222222,42.275,98.2,42.9222222222222,"40-"
"Kenza Dali",17,3,3,6,4,0,2,2,0,0,0,22.1313088705882,6,9,2,16,0,1,0,0,0,92.2941176470588,42.6117647058824,102.947058823529,43.7117647058824,"20-"
"Leah Galton",14,3,5,6,1,1,0,0,1,0,0,15.4551643571429,11,3,0,0,0,14,0,0,0,105.635714285714,23.3357142857143,104.085714285714,33.55,"20-"
"Lia Wälti",7,3,1,1,3,0,1,1,0,0,0,27.5666845714286,4,3,0,6,0,1,0,0,0,82.4428571428572,51.8,97.7285714285714,45.5714285714286,"10-"
"Megan Connolly",12,3,1,4,1,0,0,6,0,0,0,24.8060423,3,8,1,10,1,0,1,0,0,100.2,37.2333333333333,106.083333333333,41.85,"20-"
"Molly Pike",7,3,1,3,0,0,1,0,0,2,0,17.4082641428571,5,2,0,5,0,2,0,0,0,90.2714285714286,49.3,93.5714285714286,38.3142857142857,"10-"
"Natasha Harding",18,3,4,10,1,0,1,1,0,1,0,24.10395315,7,8,3,16,0,1,1,0,0,92.0722222222222,44.9222222222222,103.488888888889,42.9111111111111,"20-"
"Ria Percival",17,3,2,8,2,0,0,5,0,0,0,31.0230341764706,3,13,1,16,0,1,0,0,0,95.1705882352941,55.3294117647059,106.817647058824,42.8352941176471,"20-"
"Sophie Ingle",24,3,7,10,1,0,2,4,0,0,0,21.1020843541667,17,6,1,14,0,10,0,0,0,87.5166666666667,41.9958333333333,98.3083333333333,39.4958333333333,"30-"
"Tessa Wullaert",49,3,7,23,2,1,3,9,2,2,0,20.9392458734694,32,13,4,36,0,13,0,0,0,97.4979591836735,46.5673469387755,101.90612244898,41.4469387755102,"50-"
"Abbie McManus",19,2,8,4,3,0,2,2,0,0,0,27.6300726315789,12,6,1,17,0,1,1,0,0,81.7736842105263,45.3473684210526,98.5315789473684,45.5421052631579,"20-"
"Aileen Whelan",24,2,8,13,1,0,2,0,0,0,0,20.5074866458333,15,7,2,16,2,5,1,0,0,85.5541666666667,28.5833333333333,94.2208333333333,35.275,"30-"
"Amalie Vevle Eikeland",9,2,3,2,1,0,2,0,1,0,0,22.5309006888889,3,3,3,5,1,2,1,0,0,89.9888888888889,33.2,98.0666666666667,39.9777777777778,"10-"
"Angharad James",27,2,7,7,4,0,3,5,0,1,0,22.1343958518519,17,8,2,21,1,4,1,0,0,93,45.8814814814815,99.1481481481482,42.9,"30-"
"Brianna Visalli",18,2,3,6,1,1,4,2,0,1,0,22.6889508055556,11,4,3,14,1,3,0,0,0,92.45,39.8444444444444,103.755555555556,40.2166666666667,"20-"
"Cecilie Redisch Kvamme",15,2,4,6,4,0,0,0,0,1,0,23.4136996666667,6,8,1,12,0,2,1,0,0,98.9066666666667,67.9666666666667,103.926666666667,47.5533333333333,"20-"
"Chloe Arthur",17,2,1,10,3,0,3,0,0,0,0,28.8710226764706,9,6,2,12,1,4,0,0,0,71.0117647058824,46.7882352941176,93.4647058823529,35.3529411764706,"20-"
"Demi Stokes",12,2,5,6,0,0,0,0,0,1,0,23.4885495833333,6,2,4,0,0,12,0,0,0,98.2083333333333,13.6,105.65,28.6583333333333,"20-"
"Dominique Johanna Anna Bloodworth",23,2,6,10,4,0,1,1,0,1,0,30.491787873913,13,10,0,17,0,6,0,0,0,77,36.695652173913,99.0434782608696,36.9565217391304,"30-"
"Ella Toone",6,2,2,2,1,0,0,0,0,1,0,23.8628096666667,4,0,2,5,0,0,0,1,0,86.65,40.8166666666667,100.083333333333,27.3166666666667,"10-"
"Jade Moore",22,2,9,4,1,0,2,3,2,1,0,20.5973829454545,9,8,5,19,2,0,1,0,0,87.0545454545455,44.3136363636364,98.1909090909091,38.0136363636364,"30-"
"Jessica Anne Clarke",13,2,2,7,3,1,0,0,0,0,0,22.2906511538462,5,6,2,11,0,2,0,0,0,103.438461538462,59.4384615384615,106.069230769231,44.4692307692308,"20-"
"Jessica Carter",5,2,2,3,0,0,0,0,0,0,0,24.2645666,1,3,1,4,0,1,0,0,0,103.12,49.22,105.68,36.12,"10-"
"Julie Biesmans",9,2,0,3,1,0,2,3,0,0,0,31.6420862222222,3,4,2,8,1,0,0,0,0,87.5555555555556,18.3333333333333,97.4444444444444,36.8888888888889,"10-"
"Katie Zelem",22,2,1,2,4,0,5,10,0,0,0,27.1539852272727,11,9,2,20,0,2,0,0,0,94.0136363636364,44.1363636363636,101.795454545455,33.0818181818182,"30-"
"Katrine Veje",8,2,3,4,1,0,0,0,0,0,0,25.1137475,3,4,1,0,0,8,0,0,0,113,14.625,110.875,39.25,"10-"
"Léa Le Garrec",18,2,1,5,3,1,2,5,0,1,0,33.9745753333333,7,11,0,14,0,4,0,0,0,94.2666666666667,30.2555555555556,104.444444444444,43.9833333333333,"20-"
"Leonie Maier",3,2,2,1,0,0,0,0,0,0,0,22.818191,0,2,1,2,0,0,1,0,0,110.9,43.0666666666667,111.933333333333,27.1333333333333,"10-"
"Rachel Furness",29,2,4,15,2,1,0,5,0,2,0,21.4668113103448,20,6,3,2,1,24,2,0,0,88.8034482758621,37.6896551724138,97.9896551724138,38.6551724137931,"30-"
"Remi Allen",26,2,7,10,2,1,4,1,0,1,0,16.6993452846154,17,5,4,20,2,3,1,0,0,90.3576923076923,30.9538461538462,98.9192307692308,34.6923076923077,"30-"
"Siri Worm",9,2,2,3,3,0,0,1,0,0,0,35.7482267777778,2,6,1,0,0,8,1,0,0,81.6111111111111,33.7666666666667,100.488888888889,38.2333333333333,"10-"
"So-Hyun Cho",10,2,1,3,2,0,1,2,1,0,0,34.6549524,3,4,3,8,1,1,0,0,0,82.87,37.35,101.78,31.52,"10-"
"Abbey-Leigh Stringer",8,1,4,3,0,0,1,0,0,0,0,13.71829,6,0,2,7,0,1,0,0,0,84.625,36.625,85.875,29.5,"10-"
"Alexandra Riley",4,1,1,3,0,0,0,0,0,0,0,32.34700075,2,2,0,2,0,2,0,0,0,88.75,24,106.75,36.75,"10-"
"Amanda Nildén",6,1,2,3,1,0,0,0,0,0,0,13.15749755,3,2,1,0,1,4,1,0,0,107.7,39.6,107.416666666667,41.65,"10-"
"Amy Rodgers",3,1,1,2,0,0,0,0,0,0,0,18.7307303333333,2,0,1,3,0,0,0,0,0,73,49.4666666666667,88.4,49.6,"10-"
"Angela Addison",3,1,0,1,1,0,0,0,0,0,1,18.1113713333333,2,0,1,3,0,0,0,0,0,83.0666666666667,18.9,84.2333333333333,36.9666666666667,"10-"
"Anne-Marie Heatherson",6,1,1,1,0,0,2,1,0,1,0,16.0244960833333,3,1,2,1,1,4,0,0,0,92.6666666666667,48.3333333333333,98.5,47.5,"10-"
"Carla Humphrey",14,1,3,5,2,0,1,2,0,1,0,30.2555349357143,5,8,1,11,0,3,0,0,0,81.7214285714286,38.9285714285714,98.1714285714286,42.9642857142857,"20-"
"Chantelle Boye-Hlorkah",19,1,4,9,3,1,0,2,0,0,0,24.3816801210526,7,9,3,15,0,3,1,0,0,95.5684210526316,52.0526315789474,102.805263157895,44.0736842105263,"20-"
"Charlotte Estcourt",3,1,1,1,0,0,0,0,0,1,0,19.1584156666667,3,0,0,2,0,1,0,0,0,88,28.6666666666667,102.333333333333,35.6666666666667,"10-"
"Chloe Kelly",34,1,6,10,3,0,2,11,0,1,1,32.9450565441176,10,21,3,25,1,7,1,0,0,102.611764705882,40.0911764705882,107.961764705882,39.9705882352941,"40-"
"Christie Murray",17,1,0,4,3,0,1,8,0,1,0,31.1969743235294,7,9,1,16,0,1,0,0,0,99.6941176470588,36.7882352941176,102.788235294118,39.4,"20-"
"Claudia Walker",15,1,3,6,4,0,2,0,0,0,0,21.6045333466667,10,4,1,12,0,3,0,0,0,91.86,50.84,96.52,47.06,"20-"
"Connie Scofield",4,1,2,1,1,0,0,0,0,0,0,9.648647375,3,0,1,2,0,2,0,0,0,92.75,41.5,96,39.25,"10-"
"Danielle Buet",26,1,5,7,3,0,1,9,1,0,0,33.3149107307692,9,16,1,23,0,3,0,0,0,89.9115384615385,53.8230769230769,99.9884615384615,42.4961538461538,"30-"
"Danielle Turner",17,1,5,6,2,0,2,1,0,1,0,30.6175186470588,7,7,3,1,0,15,1,0,0,80.9235294117647,22.1411764705882,100.5,26.5294117647059,"20-"
"Danique Kerkdijk",5,1,0,2,0,0,1,1,1,0,0,47.08025552,0,4,1,4,1,0,0,0,0,55.02,60.22,94.8,40.94,"10-"
"Dominique Bruinenberg",8,1,3,3,1,0,1,0,0,0,0,24.692393875,8,0,0,7,0,1,0,0,0,74,42.5,85.125,29.625,"10-"
"Ebony Salmon",5,1,3,2,0,0,0,0,0,0,0,17.8600428,3,1,1,4,0,1,0,0,0,101.26,24.44,97.24,26.78,"10-"
"Ella Rutherford",14,1,2,4,6,1,1,0,0,0,0,26.9549483357143,5,8,1,2,0,11,1,0,0,91,38.4285714285714,104.785714285714,37.0714285714286,"20-"
"Ellie Brazil",20,1,5,10,2,0,2,0,0,1,0,18.053191945,11,6,3,14,1,3,2,0,0,93.595,43.92,99.545,39.875,"20-"
"Emma Follis",15,1,4,8,1,0,0,0,0,2,0,17.0424284,10,2,3,14,0,1,0,0,0,100.6,48.2666666666667,98.8,44.6,"20-"
"Erin Simon",5,1,0,3,1,0,1,0,0,0,0,25.542877,2,2,1,4,1,0,0,0,0,84.38,52.54,96.66,45.58,"10-"
"Felicity Gibbons",18,1,5,9,1,0,1,2,0,0,0,24.1912956666667,7,8,3,2,0,13,3,0,0,88.9777777777778,18.1,99.0888888888889,30.9277777777778,"20-"
"Hannah Cain",16,1,7,6,1,0,1,0,0,1,0,17.902714675,11,2,3,12,0,3,1,0,0,98.6375,39.1125,102.48125,37.74375,"20-"
"Hannah Short",12,1,0,0,9,0,2,1,0,0,0,38.6078055,1,10,1,10,1,1,0,0,0,74.3333333333333,43.25,105.916666666667,40.75,"20-"
"Hayley Ladd",25,1,3,10,4,0,2,6,0,0,0,28.794459272,11,14,0,20,0,5,0,0,0,93.92,43.324,101.364,40.1,"30-"
"Iniabasi Anefiok Umotong",22,1,2,14,4,0,0,0,0,2,0,17.3849030863636,10,4,8,19,1,0,2,0,0,104.368181818182,41.2227272727273,100.881818181818,42.1636363636364,"30-"
"Jackie Groenen",24,1,3,11,1,0,5,2,0,2,0,20.8934011583333,19,4,1,19,0,4,0,1,0,87.1291666666667,43.0125,97.9875,37.0083333333333,"30-"
"Jade Bailey",17,1,2,5,2,0,0,7,0,1,0,27.5435171176471,10,6,1,14,0,3,0,0,0,100.035294117647,43.2705882352941,99.1,39.7764705882353,"20-"
"Jasmine Matthews",7,1,0,4,0,0,1,1,0,0,1,34.0362661428571,3,4,0,0,0,7,0,0,0,64.1571428571429,19.2571428571429,94.0428571428571,22.4142857142857,"10-"
"Jill Roord",9,1,2,3,3,0,1,0,0,0,0,18.1274228888889,8,0,1,3,0,6,0,0,0,88.6111111111111,36.0111111111111,97.5777777777778,34.2,"10-"
"Kerys Harrop",4,1,2,1,0,0,0,1,0,0,0,22.03314775,1,2,1,0,0,3,1,0,0,91.55,14.6,95.05,20.45,"10-"
"Kirsty Hanson",7,1,1,3,2,1,0,0,0,0,0,24.4528855714286,2,3,2,3,0,4,0,0,0,102.614285714286,61.2142857142857,106.457142857143,38.9285714285714,"10-"
"Kirsty Linnett",6,1,2,4,0,0,0,0,0,0,0,22.0546171666667,2,2,2,4,0,0,2,0,0,96.1666666666667,44.8,90.9833333333333,46.5166666666667,"10-"
"Kirstyn Pearce",5,1,0,2,1,0,0,0,1,1,0,41.256228,1,3,1,5,0,0,0,0,0,53.2,60.4,92.2,50.6,"10-"
"Kit Graham",19,1,1,12,1,0,0,2,1,2,0,21.4231411631579,12,4,3,3,3,13,0,0,0,87.1315789473684,47.3368421052632,91.6210526315789,33.8368421052632,"20-"
"Laura Rafferty",2,1,0,0,0,0,0,2,0,0,0,7.29292625,1,0,1,2,0,0,0,0,0,102.5,39.5,101.5,41.5,"10-"
"Leanne Kiernan",3,1,1,1,0,0,0,1,0,0,0,25.1753693333333,1,2,0,2,0,1,0,0,0,115,35,111.666666666667,38.3333333333333,"10-"
"Leigh-Anne Robe",10,1,4,4,0,0,1,1,0,0,0,24.3253914,5,3,2,5,0,3,2,0,0,82.07,28.43,96.58,24.42,"10-"
"Loren Dykes",5,1,3,2,0,0,0,0,0,0,0,30.1026918,0,3,2,5,0,0,0,0,0,92.66,68.82,104.46,43.72,"10-"
"Lucy Quinn",14,1,2,6,1,0,2,3,0,0,0,19.2193651357143,8,4,2,13,0,0,1,0,0,99.2571428571429,40.4714285714286,100.228571428571,35.4,"20-"
"Magdalena Ericsson",12,1,4,6,0,0,2,0,0,0,0,31.5175899166667,5,4,3,1,1,10,0,0,0,64.975,24.45,91.825,32.2583333333333,"20-"
"Maren Nævdal Mjelde",31,1,3,14,0,0,2,11,0,1,0,27.4584846580645,13,15,3,27,2,2,0,0,0,97.3193548387097,53.3451612903226,103.21935483871,44.6838709677419,"40-"
"Martha Thomas",10,1,4,5,0,1,0,0,0,0,0,21.51691785,3,0,7,5,1,3,1,0,0,98.76,45.27,101.36,42.53,"10-"
"Maya Le Tissier",2,1,0,0,0,0,0,1,0,1,0,27.759336,0,1,1,0,1,0,1,0,0,82.55,51.2,107.55,47,"10-"
"Mayumi Pacheco",9,1,4,4,0,0,0,0,0,1,0,19.7107723333333,4,4,1,1,1,6,1,0,0,94.0222222222222,9.7,93.5222222222222,25.0111111111111,"10-"
"Megan Alexander",11,1,6,1,0,0,0,4,0,0,0,35.4245082727273,1,8,2,0,1,9,1,0,0,96.5454545454545,32.2727272727273,108.181818181818,36,"20-"
"Melisa Filis",1,1,1,0,0,0,0,0,0,0,0,7.2111025,1,0,0,1,0,0,0,0,0,93,41,97,35,"10-"
"Millie Bright",19,1,6,2,4,0,5,2,0,0,0,36.6157170894737,6,11,2,12,0,4,3,0,0,74.9684210526316,51.6,102.378947368421,39.1894736842105,"20-"
"Millie Farrow",4,1,1,1,0,0,0,1,1,0,0,8.842056775,4,0,0,3,0,1,0,0,0,98.875,36.6,102.65,38.4,"10-"
"Molly Bartrip",2,1,0,1,1,0,0,0,0,0,0,37.989865,1,1,0,2,0,0,0,0,0,58,58,94,50.5,"10-"
"Paige Williams",13,1,2,4,3,0,0,3,0,1,0,38.1894670769231,3,9,1,0,1,12,0,0,0,92.8461538461538,32.2307692307692,106.538461538462,33.2307692307692,"20-"
"Poppy Pattinson",15,1,2,5,2,0,1,3,1,1,0,27.3389339,7,7,1,2,0,12,1,0,0,88.54,26.66,99.1066666666667,33.0866666666667,"20-"
"Rachel Mclauchlan",2,1,0,1,0,1,0,0,0,0,0,17.91934525,1,1,0,2,0,0,0,0,0,102.5,55.5,107.5,39.5,"10-"
"Rosella Ayane",15,1,4,8,0,1,2,0,0,0,0,19.98046248,8,4,3,8,0,6,1,0,0,100.153333333333,39.66,100.94,47.7133333333333,"20-"
"Rosie Kmita",4,1,2,1,1,0,0,0,0,0,0,18.762728,3,1,0,0,0,4,0,0,0,91.25,28,95.75,39.75,"10-"
"Shannon Albuery",1,1,0,0,0,0,1,0,0,0,0,5.0990195,0,0,1,0,1,0,0,0,0,103,40,108,39,"10-"
"Stephanie Houghton",13,1,3,3,2,0,0,4,0,1,0,28.8401933384615,4,8,1,11,1,0,1,0,0,81.8846153846154,51.3153846153846,106.546153846154,43.3769230769231,"20-"
"Taylor Hinds",4,1,1,2,0,0,0,1,0,0,0,12.24597775,3,0,1,3,0,1,0,0,0,94.2,48.825,97.95,49.6,"10-"
"Abbi Grant",11,0,4,4,0,1,0,1,0,1,0,18.9641829090909,8,0,3,8,0,3,0,0,0,93.4818181818182,31.2363636363636,90.6363636363636,39.2272727272727,"20-"
"Abigail Harrison",13,0,3,8,1,0,0,0,0,1,0,16.0630822307692,6,3,4,8,2,2,1,0,0,101.892307692308,37.3307692307692,98.1230769230769,43.2846153846154,"20-"
"Adelina Engman",3,0,1,0,1,1,0,0,0,0,0,13.6670116666667,1,2,0,2,0,0,1,0,0,101.766666666667,43.8,106.9,37.1333333333333,"10-"
"Adriana Leon",6,0,1,0,2,0,0,3,0,0,0,25.5116436833333,1,4,1,5,0,0,1,0,0,112.316666666667,38.0166666666667,109.933333333333,48.1666666666667,"10-"
"Adrienne Jordan",8,0,3,2,2,0,0,1,0,0,0,20.3118902125,4,3,1,1,0,6,1,0,0,90.7375,20.7125,96.35,34.675,"10-"
"Amber Gaylor",4,0,1,2,0,0,1,0,0,0,0,34.7954295,2,2,0,2,0,2,0,0,0,68,48.25,101.75,47.25,"10-"
"Amy Goddard",1,0,0,0,0,0,1,0,0,0,0,59.908264,0,1,0,1,0,0,0,0,0,34,47,92,32,"10-"
"Amy Turner",8,0,4,2,0,0,1,1,0,0,0,33.7122135625,4,2,2,8,0,0,0,0,0,73.3375,67.2,98.8875,52.2625,"10-"
"Ann-Katrin Berger",1,0,0,0,1,0,0,0,0,0,0,69.641945,0,1,0,1,0,0,0,0,0,40,32,105,7,"10-"
"Anna Filbey",4,0,1,1,1,0,1,0,0,0,0,29.27089875,2,1,1,4,0,0,0,0,0,56.575,32.175,84.05,30.425,"10-"
"Anne Moorhouse",1,0,0,0,0,0,0,0,0,1,0,79.468735,0,1,0,1,0,0,0,0,0,3.4,48.2,81.2,64.4,"10-"
"Aoife Mannion",11,0,3,2,6,0,0,0,0,0,0,26.2438412727273,7,3,1,10,0,1,0,0,0,80.4454545454546,36.1636363636364,94.2636363636364,25.9181818181818,"20-"
"Ashleigh Neville",8,0,3,3,1,0,0,0,0,1,0,24.835717,4,4,0,6,0,1,1,0,0,85.6125,51.3,101.4375,41.65,"10-"
"Ashley Hodson",3,0,0,1,0,0,0,1,0,1,0,26.7536678333333,1,2,0,2,1,0,0,0,0,82.4333333333333,47.7333333333333,103.866666666667,59.1,"10-"
"Ava Kuyken",1,0,0,0,0,0,0,1,0,0,0,7.071068,0,0,1,1,0,0,0,0,0,98,32,93,27,"10-"
"Bethan Roe",1,0,0,1,0,0,0,0,0,0,0,10.049875,0,0,1,0,0,0,1,0,0,83,53,93,54,"10-"
"Bonnie Horwood",8,0,2,3,2,0,0,1,0,0,0,24.6829985,2,3,3,5,1,2,0,0,0,86.625,51.875,97.375,48,"10-"
"Brooke Hendrix",3,0,0,0,1,0,1,1,0,0,0,12.9263886666667,1,1,1,0,0,1,2,0,0,100.233333333333,23.2666666666667,104.2,27.1,"10-"
"Charlie Taylor",1,0,1,0,0,0,0,0,0,0,0,13.892444,1,0,0,1,0,0,0,0,0,94,70,87,58,"10-"
"Charlotte Buxton",1,0,0,1,0,0,0,0,0,0,0,61,0,0,1,1,0,0,0,0,0,50,60,111,60,"10-"
"Chloe Peplow",16,0,1,3,3,0,3,6,0,0,0,32.153045375,8,8,0,16,0,0,0,0,0,92.6875,36.65625,101.03125,41.84375,"20-"
"Claire Lauren Rafferty",18,0,4,3,4,0,0,7,0,0,0,31.9844748333333,4,14,0,0,0,18,0,0,0,107.5,43.5555555555556,106.944444444444,33.5,"20-"
"Coral-Jade Haines",1,0,0,1,0,0,0,0,0,0,0,21.30094,0,0,1,1,0,0,0,0,0,81.6,23.2,99.4,11.5,"10-"
"Courtney Brosnan",1,0,0,0,0,1,0,0,0,0,0,90.06187,0,1,0,0,0,0,0,0,1,15.2,48.6,103.7,31.9,"10-"
"Courtney Sweetman-Kirk",15,0,7,4,2,0,2,0,0,0,0,17.14879674,9,2,4,13,1,1,0,0,0,92.72,43.5933333333333,97.6,43.8066666666667,"20-"
"Danielle Carter",1,0,1,0,0,0,0,0,0,0,0,28.01785,0,1,0,1,0,0,0,0,0,107,11,108,39,"10-"
"Deanna Cooper",1,0,0,1,0,0,0,0,0,0,0,16.27882,1,0,0,1,0,0,0,0,0,95,58,111,55,"10-"
"Elise Hughes",6,0,0,2,0,0,1,0,0,3,0,17.2021601166667,3,1,2,5,0,1,0,0,0,87.1166666666667,38.55,92.7666666666667,26.5166666666667,"10-"
"Elizabeth Arnott",2,0,2,0,0,0,0,0,0,0,0,25.7669645,1,1,0,1,0,1,0,0,0,109.55,72.5,102.25,48.75,"10-"
"Ellie Mason",2,0,0,1,0,0,1,0,0,0,0,16.6212665,1,1,0,0,0,2,0,0,0,67,39,78,27.5,"10-"
"Ellie Roebuck",2,0,0,1,0,0,1,0,0,0,0,73.256315,0,2,0,2,0,0,0,0,0,20.2,43.45,92.45,38.65,"10-"
"Emily Donovan",4,0,0,2,0,1,0,1,0,0,0,22.66966725,3,1,0,4,0,0,0,0,0,83.75,44.75,96.75,42.75,"10-"
"Emily Simpkins",3,0,1,2,0,0,0,0,0,0,0,22.1673346666667,1,1,1,2,0,0,1,0,0,90.9,49.8666666666667,99.1333333333333,53.8666666666667,"10-"
"Emily Syme",5,0,0,4,1,0,0,0,0,0,0,15.68938434,2,0,3,2,0,2,0,1,0,83,35.8,90,35.8,"10-"
"Emma Brownlie",2,0,0,0,2,0,0,0,0,0,0,25.185229,1,1,0,2,0,0,0,0,0,82,52,97,44.5,"10-"
"Emma Mitchell",11,0,2,2,2,0,1,4,0,0,0,30.3042000909091,5,3,3,2,0,8,1,0,0,92.2909090909091,27.2909090909091,103.6,36.5272727272727,"20-"
"Emma Rose Kelly",1,0,1,0,0,0,0,0,0,0,0,37.01351,0,1,0,1,0,0,0,0,0,87.2,12.8,108.6,43,"10-"
"Erin Bloomfield",4,0,1,0,2,0,0,0,0,1,0,21.772521875,2,1,1,3,0,0,1,0,0,97.5,50.25,97,43.25,"10-"
"Esme Beth Morgan",7,0,1,4,0,0,0,0,0,2,0,18.520167,5,1,1,6,0,1,0,0,0,99.5285714285714,49.3714285714286,100.114285714286,42.0571428571429,"10-"
"Esmee de Graaf",12,0,2,2,0,0,2,6,0,0,0,29.3875283333333,2,7,3,8,1,1,2,0,0,101.666666666667,50.25,100.416666666667,37.8333333333333,"20-"
"Faye Bryson",6,0,4,2,0,0,0,0,0,0,0,12.6367173333333,5,1,0,3,0,2,1,0,0,96.1666666666667,63.6666666666667,99.6666666666667,53.5,"10-"
"Fern Whelan",3,0,0,1,1,0,0,1,0,0,0,32.4930473333333,0,3,0,1,1,0,1,0,0,82.7666666666667,52.5,108.533333333333,50.7666666666667,"10-"
"Filippa Wallén",1,0,1,0,0,0,0,0,0,0,0,12.162236,0,0,1,0,0,0,1,0,0,105.1,0.1,96.5,8.7,"10-"
"Frances Kitching",1,0,0,0,0,0,0,0,0,1,0,74.00878,0,1,0,1,0,0,0,0,0,6,44,78.1,60.7,"10-"
"Frankie Brown",9,0,0,5,1,0,3,0,0,0,0,25.1657981111111,6,1,2,5,0,4,0,0,0,68.4,39.4333333333333,84.3666666666667,46.1111111111111,"10-"
"Gabrielle George",8,0,0,5,1,0,1,1,0,0,0,25.4321115,6,2,0,5,0,3,0,0,0,81.775,25.9875,97.9625,29.8,"10-"
"Gemma Bonner",11,0,2,6,0,0,1,2,0,0,0,27.2070919181818,5,3,3,5,2,2,2,0,0,86.1727272727273,63.8636363636364,102.436363636364,50.0727272727273,"20-"
"Gemma Evans",5,0,1,1,1,1,1,0,0,0,0,16.4263594,3,1,1,0,0,3,2,0,0,77.94,18.44,90.38,21.38,"10-"
"Georgia Brougham",6,0,2,1,2,0,1,0,0,0,0,25.8623721666667,4,2,0,3,0,3,0,0,0,75.2833333333333,50.4333333333333,86.7333333333333,40.8,"10-"
"Georgia Evans",2,0,1,1,0,0,0,0,0,0,0,17.765181,2,0,0,1,0,1,0,0,0,61,30.5,74.5,29.5,"10-"
"Georgia Wilson",2,0,0,2,0,0,0,0,0,0,0,13.606452,2,0,0,2,0,0,0,0,0,71.2,44.05,79.9,43.4,"10-"
"Geum-Min Lee",1,0,0,1,0,0,0,0,0,0,0,40.824013,0,1,0,1,0,0,0,0,0,103.6,14.2,102.2,55,"10-"
"Gilly Louise Scarlett Flaherty",5,0,0,0,3,0,0,2,0,0,0,17.9405412,0,2,3,3,2,0,0,0,0,101.22,42.98,108.5,35.52,"10-"
"Hannah Godfrey",6,0,2,2,0,0,1,1,0,0,0,26.2518725,2,4,0,5,0,0,1,0,0,63.7666666666667,51.05,85,39.6833333333333,"10-"
"Harriet Scott",9,0,4,2,0,1,0,2,0,0,0,19.1323640777778,4,3,2,7,0,1,1,0,0,105.177777777778,52.8333333333333,107.611111111111,41.9666666666667,"10-"
"Heather Payne",3,0,0,1,0,0,1,0,0,1,0,12.5479386666667,2,0,1,2,1,0,0,0,0,103,65,95,56.6666666666667,"10-"
"Jacinta Galabadaarachchi",2,0,1,0,0,0,0,1,0,0,0,22.74218675,1,1,0,2,0,0,0,0,0,95.4,5.15,92.85,27.1,"10-"
"Jamie-Lee Napier",1,0,1,0,0,0,0,0,0,0,0,7.725283,1,0,0,1,0,0,0,0,0,109.5,60.1,102.3,57.3,"10-"
"Janni Arnth-Jensen",3,0,1,1,0,0,0,1,0,0,0,31.44079,1,2,0,3,0,0,0,0,0,106,71,99.6666666666667,41.6666666666667,"10-"
"Jenna Schillaci",1,0,1,0,0,0,0,0,0,0,0,43.789154,0,1,0,0,0,1,0,0,0,53.1,38.6,81.3,5.1,"10-"
"Jennifer Beattie",5,0,0,1,1,0,0,3,0,0,0,8.9082359,2,2,1,1,1,1,2,0,0,103.6,34.7,106.9,37.78,"10-"
"Jessica Wooley",2,0,2,0,0,0,0,0,0,0,0,21.662989,1,1,0,2,0,0,0,0,0,112,69.5,100.5,52.5,"10-"
"Josanne Potter",16,0,3,1,2,0,1,7,0,2,0,45.7808963125,4,12,0,1,0,15,0,0,0,83.28125,27.6,101.58125,37.30625,"20-"
"Josie Green",11,0,2,5,2,1,1,0,0,0,0,27.5038529545455,5,4,2,6,1,4,0,0,0,74,39.3727272727273,84.7545454545455,36.2272727272727,"20-"
"Juliette Kemppi",3,0,0,3,0,0,0,0,0,0,0,16.02992,2,1,0,1,0,2,0,0,0,98,52.6666666666667,100.333333333333,47.3333333333333,"10-"
"Kate Natkiel",9,0,1,5,2,0,0,1,0,0,0,18.2635077888889,4,4,1,8,0,1,0,0,0,107.822222222222,48.8666666666667,103.6,42.6777777777778,"10-"
"Katharina Baunach",9,0,0,0,2,0,0,7,0,0,0,30.7956716666667,2,7,0,0,0,9,0,0,0,112.566666666667,66.5888888888889,108.822222222222,42.6333333333333,"10-"
"Katie Robinson",2,0,0,2,0,0,0,0,0,0,0,19.719552,1,0,1,2,0,0,0,0,0,112.45,36,105,26.7,"10-"
"Kika van Es",3,0,1,1,1,0,0,0,0,0,0,33.6735173333333,1,1,1,2,0,1,0,0,0,58.0333333333333,54,85.6333333333333,58.4333333333333,"10-"
"Kirstie Levell",1,0,0,0,1,0,0,0,0,0,0,52.886673,0,1,0,1,0,0,0,0,0,55,33,106,47,"10-"
"Kirsty Barton",9,0,5,3,0,0,0,0,1,0,0,25.5525244444444,3,4,2,8,0,1,0,0,0,93.7,64.1222222222222,100.633333333333,41.8888888888889,"10-"
"Kirsty Smith",5,0,2,3,0,0,0,0,0,0,0,20.360648,2,1,2,3,0,2,0,0,0,95.58,9.84,100.48,27.62,"10-"
"Kristine Leine",6,0,2,2,1,0,1,0,0,0,0,30.704105,1,4,1,5,1,0,0,0,0,86.15,67.1833333333333,97.85,51.05,"10-"
"Laura Vetterlein",2,0,1,0,0,0,0,0,0,0,1,27.2121315,1,1,0,1,0,1,0,0,0,74.85,24,98.65,27.15,"10-"
"Lauren Bruton",18,0,0,9,4,0,2,3,0,0,0,17.5712372055556,12,5,1,14,2,2,0,0,0,96.2777777777778,39.1111111111111,99.7777777777778,42.7777777777778,"20-"
"Lauren James",9,0,2,5,0,0,0,2,0,0,0,21.3121353888889,7,1,1,5,0,4,0,0,0,99.6444444444444,35.1,99.6555555555556,40.5666666666667,"10-"
"Lily Simkin",3,0,1,1,0,0,0,1,0,0,0,10.3435976666667,3,0,0,2,0,1,0,0,0,89.3,64.9,89.0666666666667,58.6333333333333,"10-"
"Lily Woodham",4,0,0,3,1,0,0,0,0,0,0,25.815462125,3,1,0,0,0,4,0,0,0,78.25,32.25,93.25,29,"10-"
"Lisa-Marie Utland",3,0,0,3,0,0,0,0,0,0,0,11.0101377,3,0,0,3,0,0,0,0,0,103.033333333333,26.4333333333333,97.9333333333333,29.3333333333333,"10-"
"Lotta Ökvist",1,0,1,0,0,0,0,0,0,0,0,14.355835,0,1,0,0,0,0,1,0,0,103.1,0.1,109.6,12.9,"10-"
"Lotta Oqvist",1,0,1,0,0,0,0,0,0,0,0,13.928389,1,0,0,0,0,1,0,0,0,91.5,11.3,96.5,24.3,"10-"
"Louise Quinn",1,0,0,0,0,0,0,1,0,0,0,8.5440035,1,0,0,1,0,0,0,0,0,100,35,92,32,"10-"
"Lucienne Reichardt",1,0,1,0,0,0,0,0,0,0,0,22.825424,1,0,0,1,0,0,0,0,0,67,32,87,21,"10-"
"Lucy Whipp",7,0,2,3,1,0,0,0,0,1,0,12.2138364428571,6,0,1,5,0,2,0,0,0,92.9857142857143,37.2285714285714,94.4571428571429,43.8571428571429,"10-"
"Maéva Clemaron",6,0,3,1,1,0,1,0,0,0,0,23.4381268333333,3,2,1,4,1,1,0,0,0,69.3833333333333,47.4833333333333,85,45.4,"10-"
"Marie Hourihan",2,0,0,1,0,1,0,0,0,0,0,90.120895,0,2,0,2,0,0,0,0,0,13,42.5,102,30.5,"10-"
"Marisa Ewers",4,0,1,3,0,0,0,0,0,0,0,11.8952696,1,0,3,3,0,0,1,0,0,89.75,48.25,94.5,46.25,"10-"
"Martha Harris",3,0,3,0,0,0,0,0,0,0,0,19.9617303333333,1,1,1,2,0,1,0,0,0,102.833333333333,28.5333333333333,104.966666666667,29.2666666666667,"10-"
"Meaghan Sargeant",10,0,1,3,3,0,0,3,0,0,0,28.5796593,3,4,3,8,0,1,1,0,0,72.31,48.89,92.06,42.75,"10-"
"Megan Campbell",4,0,2,2,0,0,0,0,0,0,0,36.84397275,1,2,1,0,0,3,1,0,0,86.175,13.675,109.15,37.75,"10-"
"Megan Finnigan",5,0,3,1,1,0,0,0,0,0,0,17.7071074,2,2,1,2,0,0,3,0,0,105.2,45.2,103.6,42.6,"10-"
"Megan Walsh",1,0,0,0,0,0,1,0,0,0,0,92.13577,0,1,0,0,0,0,0,0,1,16,54,108,49,"10-"
"Melissa Lawley",24,0,2,8,6,0,2,6,0,0,0,25.1205911958333,13,10,1,18,0,6,0,0,0,98.725,44.0041666666667,102.279166666667,39.6208333333333,"30-"
"Millie Turner",2,0,1,0,1,0,0,0,0,0,0,22.737646,2,0,0,2,0,0,0,0,0,84.95,21.1,107.6,21.55,"10-"
"Nadia Nadim",3,0,1,1,0,0,0,0,0,1,0,12.4431573333333,2,1,0,2,0,1,0,0,0,98.3333333333333,60,92,53,"10-"
"Niamh Charles",21,0,6,8,2,0,3,0,0,1,1,22.1266824904762,17,4,0,12,0,9,0,0,0,90.9380952380952,32.0380952380952,96.8904761904762,39.6761904761905,"30-"
"Niamh Fahey",10,0,3,6,0,0,1,0,0,0,0,24.4319585,8,1,1,7,0,3,0,0,0,75.41,41.79,89.53,33.82,"10-"
"Nicola Cousins",4,0,1,1,2,0,0,0,0,0,0,39.20010225,0,4,0,3,0,1,0,0,0,73.5,48.5,105.5,36.25,"10-"
"Olivia Chance",5,0,1,1,2,0,1,0,0,0,0,21.1494134,4,1,0,0,0,5,0,0,0,83.38,29.24,98.94,37.36,"10-"
"Olivia Fergusson",8,0,1,3,1,0,0,2,0,1,0,15.1421498625,6,2,0,6,0,2,0,0,0,102.25,35.75,102.5,35.125,"10-"
"Pauline Bremer",9,0,3,5,0,0,1,0,0,0,0,12.6048186888889,7,1,1,9,0,0,0,0,0,94.4222222222222,39.5888888888889,95.3444444444444,38.9555555555556,"10-"
"Pauline Peyraud Magnin",2,0,1,0,0,1,0,0,0,0,0,81.74112,0,2,0,0,0,1,0,0,1,16.5,29.5,96.5,42,"10-"
"Rachel Rowe",8,0,2,3,1,0,0,1,1,0,0,16.1970495625,7,1,0,7,0,1,0,0,0,96.75,47.35,97.1875,46.1875,"10-"
"Rachel Williams",8,0,5,2,0,0,0,0,1,0,0,13.4751420375,8,0,0,7,0,1,0,0,0,90.4625,56.8375,97.0375,45.9375,"10-"
"Rakel Hönnudóttir",5,0,1,2,0,0,1,1,0,0,0,22.6904396,2,3,0,3,0,1,1,0,0,90.32,44.26,102.46,42.5,"10-"
"Rebecca Holloway",3,0,0,0,2,0,0,0,0,1,0,19.0391307,2,1,0,2,0,1,0,0,0,86.1333333333333,20.1,94.3,33.4333333333333,"10-"
"Rebecca Jane",11,0,3,1,2,0,3,1,0,1,0,22.4620820454545,5,4,2,10,0,0,1,0,0,84.3272727272727,63.5727272727273,95.7090909090909,52.4272727272727,"20-"
"Rebecca Leigh Spencer",2,0,0,1,1,0,0,0,0,0,0,66.2159585,0,2,0,2,0,0,0,0,0,15,48,80,42.5,"10-"
"Rhiannon Roberts",5,0,0,4,0,0,0,1,0,0,0,19.1997583,4,1,0,5,0,0,0,0,0,82.58,56.44,88.98,48.16,"10-"
"Rianna Dean",3,0,1,1,0,0,1,0,0,0,0,10.8477643333333,1,1,1,1,0,0,2,0,0,100.166666666667,48.2333333333333,94.4,47.3333333333333,"10-"
"Rinsola Babajide",7,0,2,3,0,0,1,0,0,1,0,22.5761545714286,5,2,0,2,0,5,0,0,0,92.9857142857143,40.3285714285714,98.0857142857143,37.0285714285714,"10-"
"Samantha Kerr",5,0,1,3,1,0,0,0,0,0,0,13.4683544,2,2,1,3,1,0,1,0,0,102.98,40.02,103.54,40.08,"10-"
"Sarah Emma Mayling",13,0,3,6,0,1,0,1,0,2,0,21.6548623538462,8,3,2,9,0,4,0,0,0,97.5307692307692,57.5230769230769,100.384615384615,48.6076923076923,"20-"
"Satara Murray",6,0,2,4,0,0,0,0,0,0,0,20.4363467833333,6,0,0,6,0,0,0,0,0,94.6666666666667,56.5,97.6666666666667,40.5,"10-"
"Simran Jhamat",1,0,1,0,0,0,0,0,0,0,0,9.219544,1,0,0,1,0,0,0,0,0,92,13,90,22,"10-"
"Sophie Elizabeth Bradley-Auckland",9,0,1,3,4,0,0,0,0,1,0,34.3699444,3,4,2,9,0,0,0,0,0,63.9777777777778,51.0111111111111,92.5888888888889,47.4888888888889,"10-"
"Sophie Howard",2,0,1,1,0,0,0,0,0,0,0,53.06857,0,1,1,2,0,0,0,0,0,48.6,24.55,101.15,24.85,"10-"
"Sophie Perry-Campbell",4,0,1,0,1,0,0,2,0,0,0,35.23904225,0,3,1,0,0,3,1,0,0,109,57,106.5,30,"10-"
"Tessel Middag",1,0,0,0,1,0,0,0,0,0,0,16.673632,0,1,0,0,0,1,0,0,0,94.2,41.2,110.7,43.6,"10-"
"Tyler Toland",1,0,0,1,0,0,0,0,0,0,0,66.30271,0,1,0,1,0,0,0,0,0,44.7,43.8,98.1,4.5,"10-"
"Victoria Williams",6,0,3,1,1,0,1,0,0,0,0,25.0584835,3,2,1,4,0,2,0,0,0,72.65,27.5333333333333,92.4166666666667,30.0833333333333,"10-"
"Vyan Sampson",1,0,1,0,0,0,0,0,0,0,0,15.231546,1,0,0,1,0,0,0,0,0,74,5,88,11,"10-"
"Yana Daniels",17,0,1,8,3,0,0,4,1,0,0,28.2691969411765,8,6,3,13,0,2,2,0,0,92.8058823529412,32.1176470588235,98.5941176470588,35.1823529411765,"20-"
